RepairCenter;RCLocLat;RCLocLon
Bellmaker;60.1657065;22.73503
Blacksmith;56.503158;25.8764433
Carpenter;52.5075394;-1.7802125
Coppersmith;37.9668068;-87.5140257
Furrier;59.2419219;13.9485832
Knifesmith;65.1488626;16.9652459
Locksmith;65.1488626;16.9652459
Nailmaker;56.2950928;20.2075406
Saddler;54.1073178;17.7222248
Shoemaker;52.669023;14.5287689
Wheeler;52.5422928;7.3752206
